{
    "name": "Pand0ra",
    "description": "",
    "dependencies": {
        "device": "*",
        "animation": "*",
        "Timers": "github:microsoft/arcade-timers#v1.1.0",
        "light": "*"
    },
    "files": [
        "main.blocks",
        "main.ts",
        "README.md",
        "assets.json",
        "images.g.jres",
        "images.g.ts",
        "tilemap.g.jres",
        "tilemap.g.ts"
    ],
    "testFiles": [
        "test.ts"
    ],
    "targetVersions": {
        "branch": "v1.4.41",
        "tag": "v1.4.41",
        "commits": "https://github.com/microsoft/pxt-arcade/commits/ed3803974f2bd6ba24ac93feedbd9b7f508e395d",
        "target": "1.4.41",
        "pxt": "6.12.22",
        "targetId": "arcade"
    },
    "supportedTargets": [
        "arcade"
    ],
    "preferredEditor": "blocksprj"
}
